<?xml version="1.0" encoding="UTF-8"?>
<project-private xmlns="http://www.netbeans.org/ns/project-private/1">
    <editor-bookmarks xmlns="http://www.netbeans.org/ns/editor-bookmarks/1"/>
    <editor-bookmarks xmlns="http://www.netbeans.org/ns/editor-bookmarks/2" lastBookmarkId="0"/>
    <open-files xmlns="http://www.netbeans.org/ns/projectui-open-files/2">
        <group>
            <file>file:/C:/Users/Admin/Documents/NetBeansProjects/4_AlgoritmosGeneticos/GeneticAlgorithm/src/ga/geneticOperators/RecombinationOneCut.java</file>
            <file>file:/C:/Users/Admin/Documents/NetBeansProjects/4_AlgoritmosGeneticos/GeneticAlgorithm/src/ga/Individual.java</file>
            <file>file:/C:/Users/Admin/Documents/NetBeansProjects/4_AlgoritmosGeneticos/GeneticAlgorithm/src/knapsack/KnapsackIndividual.java</file>
            <file>file:/C:/Users/Admin/Documents/NetBeansProjects/4_AlgoritmosGeneticos/GeneticAlgorithm/src/ga/BitVectorIndividual.java</file>
        </group>
    </open-files>
</project-private>
